loa0_id,ge0der,married,depe0de0ts,educatio0,self_emplo1ed,applica0ti0come,coapplica0ti0come,loa0amou0t,loa0_amou0t_term,credit_histor1,propert1_area,loa0_status
lp001002,0,0,0,1,0,5849,0.0,,360.0,1.0,1,1
lp001003,0,1,1,1,0,4583,1508.0,128.0,360.0,1.0,0,0
lp001005,0,1,0,1,1,3000,0.0,66.0,360.0,1.0,1,1
lp001006,0,1,0,0,0,2583,2358.0,120.0,360.0,1.0,1,1
lp001008,0,0,0,1,0,6000,0.0,141.0,360.0,1.0,1,1
lp001011,0,1,2,1,1,5417,4196.0,267.0,360.0,1.0,1,1
lp001013,0,1,0,0,0,2333,1516.0,95.0,360.0,1.0,1,1
lp001014,0,1,3+,1,0,3036,2504.0,158.0,360.0,0.0,0.5,0
lp001018,0,1,2,1,0,4006,1526.0,168.0,360.0,1.0,1,1
lp001020,0,1,1,1,0,12841,10968.0,349.0,360.0,1.0,0.5,0
lp001024,0,1,2,1,0,3200,700.0,70.0,360.0,1.0,1,1
lp001027,0,1,2,1,,2500,1840.0,109.0,360.0,1.0,1,1
lp001028,0,1,2,1,0,3073,8106.0,200.0,360.0,1.0,1,1
lp001029,0,0,0,1,0,1853,2840.0,114.0,360.0,1.0,0,0
lp001030,0,1,2,1,0,1299,1086.0,17.0,120.0,1.0,1,1
lp001032,0,0,0,1,0,4950,0.0,125.0,360.0,1.0,1,1
lp001034,0,0,1,0,0,3596,0.0,100.0,240.0,,1,1
lp001036,1,0,0,1,0,3510,0.0,76.0,360.0,0.0,1,0
lp001038,0,1,0,0,0,4887,0.0,133.0,360.0,1.0,0,0
lp001041,0,1,0,1,,2600,3500.0,115.0,,1.0,1,1
lp001043,0,1,0,0,0,7660,0.0,104.0,360.0,0.0,1,0
lp001046,0,1,1,1,0,5955,5625.0,315.0,360.0,1.0,1,1
lp001047,0,1,0,0,0,2600,1911.0,116.0,360.0,0.0,0.5,0
lp001050,,1,2,0,0,3365,1917.0,112.0,360.0,0.0,0,0
lp001052,0,1,1,1,,3717,2925.0,151.0,360.0,,0.5,0
lp001066,0,1,0,1,1,9560,0.0,191.0,360.0,1.0,0.5,1
lp001068,0,1,0,1,0,2799,2253.0,122.0,360.0,1.0,0.5,1
lp001073,0,1,2,0,0,4226,1040.0,110.0,360.0,1.0,1,1
lp001086,0,0,0,0,0,1442,0.0,35.0,360.0,1.0,1,0
lp001087,1,0,2,1,,3750,2083.0,120.0,360.0,1.0,0.5,1
lp001091,0,1,1,1,,4166,3369.0,201.0,360.0,,1,0
lp001095,0,0,0,1,0,3167,0.0,74.0,360.0,1.0,1,0
lp001097,0,0,1,1,1,4692,0.0,106.0,360.0,1.0,0,0
lp001098,0,1,0,1,0,3500,1667.0,114.0,360.0,1.0,0.5,1
lp001100,0,0,3+,1,0,12500,3000.0,320.0,360.0,1.0,0,0
lp001106,0,1,0,1,0,2275,2067.0,,360.0,1.0,1,1
lp001109,0,1,0,1,0,1828,1330.0,100.0,,0.0,1,0
lp001112,1,1,0,1,0,3667,1459.0,144.0,360.0,1.0,0.5,1
lp001114,0,0,0,1,0,4166,7210.0,184.0,360.0,1.0,1,1
lp001116,0,0,0,0,0,3748,1668.0,110.0,360.0,1.0,0.5,1
lp001119,0,0,0,1,0,3600,0.0,80.0,360.0,1.0,1,0
lp001120,0,0,0,1,0,1800,1213.0,47.0,360.0,1.0,1,1
lp001123,0,1,0,1,0,2400,0.0,75.0,360.0,,1,1
lp001131,0,1,0,1,0,3941,2336.0,134.0,360.0,1.0,0.5,1
lp001136,0,1,0,0,1,4695,0.0,96.0,,1.0,1,1
lp001137,1,0,0,1,0,3410,0.0,88.0,,1.0,1,1
lp001138,0,1,1,1,0,5649,0.0,44.0,360.0,1.0,1,1
lp001144,0,1,0,1,0,5821,0.0,144.0,360.0,1.0,1,1
lp001146,1,1,0,1,0,2645,3440.0,120.0,360.0,0.0,1,0
lp001151,1,0,0,1,0,4000,2275.0,144.0,360.0,1.0,0.5,1
lp001155,1,1,0,0,0,1928,1644.0,100.0,360.0,1.0,0.5,1
lp001157,1,0,0,1,0,3086,0.0,120.0,360.0,1.0,0.5,1
lp001164,1,0,0,1,0,4230,0.0,112.0,360.0,1.0,0.5,0
lp001179,0,1,2,1,0,4616,0.0,134.0,360.0,1.0,1,0
lp001186,1,1,1,1,1,11500,0.0,286.0,360.0,0.0,1,0
lp001194,0,1,2,1,0,2708,1167.0,97.0,360.0,1.0,0.5,1
lp001195,0,1,0,1,0,2132,1591.0,96.0,360.0,1.0,0.5,1
lp001197,0,1,0,1,0,3366,2200.0,135.0,360.0,1.0,0,0
lp001198,0,1,1,1,0,8080,2250.0,180.0,360.0,1.0,1,1
lp001199,0,1,2,0,0,3357,2859.0,144.0,360.0,1.0,1,1
lp001205,0,1,0,1,0,2500,3796.0,120.0,360.0,1.0,1,1
lp001206,0,1,3+,1,0,3029,0.0,99.0,360.0,1.0,1,1
lp001207,0,1,0,0,1,2609,3449.0,165.0,180.0,0.0,0,0
lp001213,0,1,1,1,0,4945,0.0,,360.0,0.0,0,0
lp001222,1,0,0,1,0,4166,0.0,116.0,360.0,0.0,0.5,0
lp001225,0,1,0,1,0,5726,4595.0,258.0,360.0,1.0,0.5,0
lp001228,0,0,0,0,0,3200,2254.0,126.0,180.0,0.0,1,0
lp001233,0,1,1,1,0,10750,0.0,312.0,360.0,1.0,1,1
lp001238,0,1,3+,0,1,7100,0.0,125.0,60.0,1.0,1,1
lp001241,1,0,0,1,0,4300,0.0,136.0,360.0,0.0,0.5,0
lp001243,0,1,0,1,0,3208,3066.0,172.0,360.0,1.0,1,1
lp001245,0,1,2,0,1,1875,1875.0,97.0,360.0,1.0,0.5,1
lp001248,0,0,0,1,0,3500,0.0,81.0,300.0,1.0,0.5,1
lp001250,0,1,3+,0,0,4755,0.0,95.0,,0.0,0.5,0
lp001253,0,1,3+,1,1,5266,1774.0,187.0,360.0,1.0,0.5,1
lp001255,0,0,0,1,0,3750,0.0,113.0,480.0,1.0,1,0
lp001256,0,0,0,1,0,3750,4750.0,176.0,360.0,1.0,1,0
lp001259,0,1,1,1,1,1000,3022.0,110.0,360.0,1.0,1,0
lp001263,0,1,3+,1,0,3167,4000.0,180.0,300.0,0.0,0.5,0
lp001264,0,1,3+,0,1,3333,2166.0,130.0,360.0,,0.5,1
lp001265,1,0,0,1,0,3846,0.0,111.0,360.0,1.0,0.5,1
lp001266,0,1,1,1,1,2395,0.0,,360.0,1.0,0.5,1
lp001267,1,1,2,1,0,1378,1881.0,167.0,360.0,1.0,1,0
lp001273,0,1,0,1,0,6000,2250.0,265.0,360.0,,0.5,0
lp001275,0,1,1,1,0,3988,0.0,50.0,240.0,1.0,1,1
lp001279,0,0,0,1,0,2366,2531.0,136.0,360.0,1.0,0.5,1
lp001280,0,1,2,0,0,3333,2000.0,99.0,360.0,,0.5,1
lp001282,0,1,0,1,0,2500,2118.0,104.0,360.0,1.0,0.5,1
lp001289,0,0,0,1,0,8566,0.0,210.0,360.0,1.0,1,1
lp001310,0,1,0,1,0,5695,4167.0,175.0,360.0,1.0,0.5,1
lp001316,0,1,0,1,0,2958,2900.0,131.0,360.0,1.0,0.5,1
lp001318,0,1,2,1,0,6250,5654.0,188.0,180.0,1.0,0.5,1
lp001319,0,1,2,0,0,3273,1820.0,81.0,360.0,1.0,1,1
lp001322,0,0,0,1,0,4133,0.0,122.0,360.0,1.0,0.5,1
lp001325,0,0,0,0,0,3620,0.0,25.0,120.0,1.0,0.5,1
lp001326,0,0,0,1,,6782,0.0,,360.0,,1,0
lp001327,1,1,0,1,0,2484,2302.0,137.0,360.0,1.0,0.5,1
lp001333,0,1,0,1,0,1977,997.0,50.0,360.0,1.0,0.5,1
lp001334,0,1,0,0,0,4188,0.0,115.0,180.0,1.0,0.5,1
lp001343,0,1,0,1,0,1759,3541.0,131.0,360.0,1.0,0.5,1
lp001345,0,1,2,0,0,4288,3263.0,133.0,180.0,1.0,1,1
lp001349,0,0,0,1,0,4843,3806.0,151.0,360.0,1.0,0.5,1
lp001350,0,1,,1,0,13650,0.0,,360.0,1.0,1,1
lp001356,0,1,0,1,0,4652,3583.0,,360.0,1.0,0.5,1
lp001357,0,,,1,0,3816,754.0,160.0,360.0,1.0,1,1
lp001367,0,1,1,1,0,3052,1030.0,100.0,360.0,1.0,1,1
lp001369,0,1,2,1,0,11417,1126.0,225.0,360.0,1.0,1,1
lp001370,0,0,0,0,,7333,0.0,120.0,360.0,1.0,0,0
lp001379,0,1,2,1,0,3800,3600.0,216.0,360.0,0.0,1,0
lp001384,0,1,3+,0,0,2071,754.0,94.0,480.0,1.0,0.5,1
lp001385,0,0,0,1,0,5316,0.0,136.0,360.0,1.0,1,1
lp001387,1,1,0,1,,2929,2333.0,139.0,360.0,1.0,0.5,1
lp001391,0,1,0,0,0,3572,4114.0,152.0,,0.0,0,0
lp001392,1,0,1,1,1,7451,0.0,,360.0,1.0,0.5,1
lp001398,0,0,0,1,,5050,0.0,118.0,360.0,1.0,0.5,1
lp001401,0,1,1,1,0,14583,0.0,185.0,180.0,1.0,0,1
lp001404,1,1,0,1,0,3167,2283.0,154.0,360.0,1.0,0.5,1
lp001405,0,1,1,1,0,2214,1398.0,85.0,360.0,,1,1
lp001421,0,1,0,1,0,5568,2142.0,175.0,360.0,1.0,0,0
lp001422,1,0,0,1,0,10408,0.0,259.0,360.0,1.0,1,1
lp001426,0,1,,1,0,5667,2667.0,180.0,360.0,1.0,0,1
lp001430,1,0,0,1,0,4166,0.0,44.0,360.0,1.0,0.5,1
lp001431,1,0,0,1,0,2137,8980.0,137.0,360.0,0.0,0.5,1
lp001432,0,1,2,1,0,2957,0.0,81.0,360.0,1.0,0.5,1
lp001439,0,1,0,0,0,4300,2014.0,194.0,360.0,1.0,0,1
lp001443,1,0,0,1,0,3692,0.0,93.0,360.0,,0,1
lp001448,,1,3+,1,0,23803,0.0,370.0,360.0,1.0,0,1
lp001449,0,0,0,1,0,3865,1640.0,,360.0,1.0,0,1
lp001451,0,1,1,1,1,10513,3850.0,160.0,180.0,0.0,1,0
lp001465,0,1,0,1,0,6080,2569.0,182.0,360.0,,0,0
lp001469,0,0,0,1,1,20166,0.0,650.0,480.0,,1,1
lp001473,0,0,0,1,0,2014,1929.0,74.0,360.0,1.0,1,1
lp001478,0,0,0,1,0,2718,0.0,70.0,360.0,1.0,0.5,1
lp001482,0,1,0,1,1,3459,0.0,25.0,120.0,1.0,0.5,1
lp001487,0,0,0,1,0,4895,0.0,102.0,360.0,1.0,0.5,1
lp001488,0,1,3+,1,0,4000,7750.0,290.0,360.0,1.0,0.5,0
lp001489,1,1,0,1,0,4583,0.0,84.0,360.0,1.0,0,0
lp001491,0,1,2,1,1,3316,3500.0,88.0,360.0,1.0,1,1
lp001492,0,0,0,1,0,14999,0.0,242.0,360.0,0.0,0.5,0
lp001493,0,1,2,0,0,4200,1430.0,129.0,360.0,1.0,0,0
lp001497,0,1,2,1,0,5042,2083.0,185.0,360.0,1.0,0,0
lp001498,0,0,0,1,0,5417,0.0,168.0,360.0,1.0,1,1
lp001504,0,0,0,1,1,6950,0.0,175.0,180.0,1.0,0.5,1
lp001507,0,1,0,1,0,2698,2034.0,122.0,360.0,1.0,0.5,1
lp001508,0,1,2,1,0,11757,0.0,187.0,180.0,1.0,1,1
lp001514,1,1,0,1,0,2330,4486.0,100.0,360.0,1.0,0.5,1
lp001516,1,1,2,1,0,14866,0.0,70.0,360.0,1.0,1,1
lp001518,0,1,1,1,0,1538,1425.0,30.0,360.0,1.0,1,1
lp001519,1,0,0,1,0,10000,1666.0,225.0,360.0,1.0,0,0
lp001520,0,1,0,1,0,4860,830.0,125.0,360.0,1.0,0.5,1
lp001528,0,0,0,1,0,6277,0.0,118.0,360.0,0.0,0,0
lp001529,0,1,0,1,1,2577,3750.0,152.0,360.0,1.0,0,1
lp001531,0,0,0,1,0,9166,0.0,244.0,360.0,1.0,1,0
lp001532,0,1,2,0,0,2281,0.0,113.0,360.0,1.0,0,0
lp001535,0,0,0,1,0,3254,0.0,50.0,360.0,1.0,1,1
lp001536,0,1,3+,1,0,39999,0.0,600.0,180.0,0.0,0.5,1
lp001541,0,1,1,1,0,6000,0.0,160.0,360.0,,0,1
lp001543,0,1,1,1,0,9538,0.0,187.0,360.0,1.0,1,1
lp001546,0,0,0,1,,2980,2083.0,120.0,360.0,1.0,0,1
lp001552,0,1,0,1,0,4583,5625.0,255.0,360.0,1.0,0.5,1
lp001560,0,1,0,0,0,1863,1041.0,98.0,360.0,1.0,0.5,1
lp001562,0,1,0,1,0,7933,0.0,275.0,360.0,1.0,1,0
lp001565,0,1,1,1,0,3089,1280.0,121.0,360.0,0.0,0.5,0
lp001570,0,1,2,1,0,4167,1447.0,158.0,360.0,1.0,0,1
lp001572,0,1,0,1,0,9323,0.0,75.0,180.0,1.0,1,1
lp001574,0,1,0,1,0,3707,3166.0,182.0,,1.0,0,1
lp001577,1,1,0,1,0,4583,0.0,112.0,360.0,1.0,0,0
lp001578,0,1,0,1,0,2439,3333.0,129.0,360.0,1.0,0,1
lp001579,0,0,0,1,0,2237,0.0,63.0,480.0,0.0,0.5,0
lp001580,0,1,2,1,0,8000,0.0,200.0,360.0,1.0,0.5,1
lp001581,0,1,0,0,,1820,1769.0,95.0,360.0,1.0,0,1
lp001585,,1,3+,1,0,51763,0.0,700.0,300.0,1.0,1,1
lp001586,0,1,3+,0,0,3522,0.0,81.0,180.0,1.0,0,0
lp001594,0,1,0,1,0,5708,5625.0,187.0,360.0,1.0,0.5,1
lp001603,0,1,0,0,1,4344,736.0,87.0,360.0,1.0,0.5,0
lp001606,0,1,0,1,0,3497,1964.0,116.0,360.0,1.0,0,1
lp001608,0,1,2,1,0,2045,1619.0,101.0,360.0,1.0,0,1
lp001610,0,1,3+,1,0,5516,11300.0,495.0,360.0,0.0,0.5,0
lp001616,0,1,1,1,0,3750,0.0,116.0,360.0,1.0,0.5,1
lp001630,0,0,0,0,0,2333,1451.0,102.0,480.0,0.0,1,0
lp001633,0,1,1,1,0,6400,7250.0,180.0,360.0,0.0,1,0
lp001634,0,0,0,1,0,1916,5063.0,67.0,360.0,,0,0
lp001636,0,1,0,1,0,4600,0.0,73.0,180.0,1.0,0.5,1
lp001637,0,1,1,1,0,33846,0.0,260.0,360.0,1.0,0.5,0
lp001639,1,1,0,1,0,3625,0.0,108.0,360.0,1.0,0.5,1
lp001640,0,1,0,1,1,39147,4750.0,120.0,360.0,1.0,0.5,1
lp001641,0,1,1,1,1,2178,0.0,66.0,300.0,0.0,0,0
lp001643,0,1,0,1,0,2383,2138.0,58.0,360.0,,0,1
lp001644,,1,0,1,1,674,5296.0,168.0,360.0,1.0,0,1
lp001647,0,1,0,1,0,9328,0.0,188.0,180.0,1.0,0,1
lp001653,0,0,0,0,0,4885,0.0,48.0,360.0,1.0,0,1
lp001656,0,0,0,1,0,12000,0.0,164.0,360.0,1.0,0.5,0
lp001657,0,1,0,0,0,6033,0.0,160.0,360.0,1.0,1,0
lp001658,0,0,0,1,0,3858,0.0,76.0,360.0,1.0,0.5,1
lp001664,0,0,0,1,0,4191,0.0,120.0,360.0,1.0,0,1
lp001665,0,1,1,1,0,3125,2583.0,170.0,360.0,1.0,0.5,0
lp001666,0,0,0,1,0,8333,3750.0,187.0,360.0,1.0,0,1
lp001669,1,0,0,0,0,1907,2365.0,120.0,,1.0,1,1
lp001671,1,1,0,1,0,3416,2816.0,113.0,360.0,,0.5,1
lp001673,0,0,0,1,1,11000,0.0,83.0,360.0,1.0,1,0
lp001674,0,1,1,0,0,2600,2500.0,90.0,360.0,1.0,0.5,1
lp001677,0,0,2,1,0,4923,0.0,166.0,360.0,0.0,0.5,1
lp001682,0,1,3+,0,0,3992,0.0,,180.0,1.0,1,0
lp001688,0,1,1,0,0,3500,1083.0,135.0,360.0,1.0,1,1
lp001691,0,1,2,0,0,3917,0.0,124.0,360.0,1.0,0.5,1
lp001692,1,0,0,0,0,4408,0.0,120.0,360.0,1.0,0.5,1
lp001693,1,0,0,1,0,3244,0.0,80.0,360.0,1.0,1,1
lp001698,0,0,0,0,0,3975,2531.0,55.0,360.0,1.0,0,1
lp001699,0,0,0,1,0,2479,0.0,59.0,360.0,1.0,1,1
lp001702,0,0,0,1,0,3418,0.0,127.0,360.0,1.0,0.5,0
lp001708,1,0,0,1,0,10000,0.0,214.0,360.0,1.0,0.5,0
lp001711,0,1,3+,1,0,3430,1250.0,128.0,360.0,0.0,0.5,0
lp001713,0,1,1,1,1,7787,0.0,240.0,360.0,1.0,1,1
lp001715,0,1,3+,0,1,5703,0.0,130.0,360.0,1.0,0,1
lp001716,0,1,0,1,0,3173,3021.0,137.0,360.0,1.0,1,1
lp001720,0,1,3+,0,0,3850,983.0,100.0,360.0,1.0,0.5,1
lp001722,0,1,0,1,0,150,1800.0,135.0,360.0,1.0,0,0
lp001726,0,1,0,1,0,3727,1775.0,131.0,360.0,1.0,0.5,1
lp001732,0,1,2,1,,5000,0.0,72.0,360.0,0.0,0.5,0
lp001734,1,1,2,1,0,4283,2383.0,127.0,360.0,,0.5,1
lp001736,0,1,0,1,0,2221,0.0,60.0,360.0,0.0,1,0
lp001743,0,1,2,1,0,4009,1717.0,116.0,360.0,1.0,0.5,1
lp001744,0,0,0,1,0,2971,2791.0,144.0,360.0,1.0,0.5,1
lp001749,0,1,0,1,0,7578,1010.0,175.0,,1.0,0.5,1
lp001750,0,1,0,1,0,6250,0.0,128.0,360.0,1.0,0.5,1
lp001751,0,1,0,1,0,3250,0.0,170.0,360.0,1.0,0,0
lp001754,0,1,,0,1,4735,0.0,138.0,360.0,1.0,1,0
lp001758,0,1,2,1,0,6250,1695.0,210.0,360.0,1.0,0.5,1
lp001760,0,,,1,0,4758,0.0,158.0,480.0,1.0,0.5,1
lp001761,0,0,0,1,1,6400,0.0,200.0,360.0,1.0,0,1
lp001765,0,1,1,1,0,2491,2054.0,104.0,360.0,1.0,0.5,1
lp001768,0,1,0,1,,3716,0.0,42.0,180.0,1.0,0,1
lp001770,0,0,0,0,0,3189,2598.0,120.0,,1.0,0,1
lp001776,1,0,0,1,0,8333,0.0,280.0,360.0,1.0,0.5,1
lp001778,0,1,1,1,0,3155,1779.0,140.0,360.0,1.0,0.5,1
lp001784,0,1,1,1,0,5500,1260.0,170.0,360.0,1.0,0,1
lp001786,0,1,0,1,,5746,0.0,255.0,360.0,,1,0
lp001788,1,0,0,1,1,3463,0.0,122.0,360.0,,1,1
lp001790,1,0,1,1,0,3812,0.0,112.0,360.0,1.0,0,1
lp001792,0,1,1,1,0,3315,0.0,96.0,360.0,1.0,0.5,1
lp001798,0,1,2,1,0,5819,5000.0,120.0,360.0,1.0,0,1
lp001800,0,1,1,0,0,2510,1983.0,140.0,180.0,1.0,1,0
lp001806,0,0,0,1,0,2965,5701.0,155.0,60.0,1.0,1,1
lp001807,0,1,2,1,1,6250,1300.0,108.0,360.0,1.0,0,1
lp001811,0,1,0,0,0,3406,4417.0,123.0,360.0,1.0,0.5,1
lp001813,0,0,0,1,1,6050,4333.0,120.0,180.0,1.0,1,0
lp001814,0,1,2,1,0,9703,0.0,112.0,360.0,1.0,1,1
lp001819,0,1,1,0,0,6608,0.0,137.0,180.0,1.0,1,1
lp001824,0,1,1,1,0,2882,1843.0,123.0,480.0,1.0,0.5,1
lp001825,0,1,0,1,0,1809,1868.0,90.0,360.0,1.0,1,1
lp001835,0,1,0,0,0,1668,3890.0,201.0,360.0,0.0,0.5,0
lp001836,1,0,2,1,0,3427,0.0,138.0,360.0,1.0,1,0
lp001841,0,0,0,0,1,2583,2167.0,104.0,360.0,1.0,0,1
lp001843,0,1,1,0,0,2661,7101.0,279.0,180.0,1.0,0.5,1
lp001844,0,0,0,1,1,16250,0.0,192.0,360.0,0.0,1,0
lp001846,1,0,3+,1,0,3083,0.0,255.0,360.0,1.0,0,1
lp001849,0,0,0,0,0,6045,0.0,115.0,360.0,0.0,0,0
lp001854,0,1,3+,1,0,5250,0.0,94.0,360.0,1.0,1,0
lp001859,0,1,0,1,0,14683,2100.0,304.0,360.0,1.0,0,0
lp001864,0,1,3+,0,0,4931,0.0,128.0,360.0,,0.5,0
lp001865,0,1,1,1,0,6083,4250.0,330.0,360.0,,1,1
lp001868,0,0,0,1,0,2060,2209.0,134.0,360.0,1.0,0.5,1
lp001870,1,0,1,1,0,3481,0.0,155.0,36.0,1.0,0.5,0
lp001871,1,0,0,1,0,7200,0.0,120.0,360.0,1.0,0,1
lp001872,0,0,0,1,1,5166,0.0,128.0,360.0,1.0,0.5,1
lp001875,0,0,0,1,0,4095,3447.0,151.0,360.0,1.0,0,1
lp001877,0,1,2,1,0,4708,1387.0,150.0,360.0,1.0,0.5,1
lp001882,0,1,3+,1,0,4333,1811.0,160.0,360.0,0.0,1,1
lp001883,1,0,0,1,,3418,0.0,135.0,360.0,1.0,0,0
lp001884,1,0,1,1,0,2876,1560.0,90.0,360.0,1.0,1,1
lp001888,1,0,0,1,0,3237,0.0,30.0,360.0,1.0,1,1
lp001891,0,1,0,1,0,11146,0.0,136.0,360.0,1.0,1,1
lp001892,0,0,0,1,0,2833,1857.0,126.0,360.0,1.0,0,1
lp001894,0,1,0,1,0,2620,2223.0,150.0,360.0,1.0,0.5,1
lp001896,0,1,2,1,0,3900,0.0,90.0,360.0,1.0,0.5,1
lp001900,0,1,1,1,0,2750,1842.0,115.0,360.0,1.0,0.5,1
lp001903,0,1,0,1,0,3993,3274.0,207.0,360.0,1.0,0.5,1
lp001904,0,1,0,1,0,3103,1300.0,80.0,360.0,1.0,1,1
lp001907,0,1,0,1,0,14583,0.0,436.0,360.0,1.0,0.5,1
lp001908,1,1,0,0,0,4100,0.0,124.0,360.0,,0,1
lp001910,0,0,1,0,1,4053,2426.0,158.0,360.0,0.0,1,0
lp001914,0,1,0,1,0,3927,800.0,112.0,360.0,1.0,0.5,1
lp001915,0,1,2,1,0,2301,985.7999878,78.0,180.0,1.0,1,1
lp001917,1,0,0,1,0,1811,1666.0,54.0,360.0,1.0,1,1
lp001922,0,1,0,1,0,20667,0.0,,360.0,1.0,0,0
lp001924,0,0,0,1,0,3158,3053.0,89.0,360.0,1.0,0,1
lp001925,1,0,0,1,1,2600,1717.0,99.0,300.0,1.0,0.5,0
lp001926,0,1,0,1,0,3704,2000.0,120.0,360.0,1.0,0,1
lp001931,1,0,0,1,0,4124,0.0,115.0,360.0,1.0,0.5,1
lp001935,0,0,0,1,0,9508,0.0,187.0,360.0,1.0,0,1
lp001936,0,1,0,1,0,3075,2416.0,139.0,360.0,1.0,0,1
lp001938,0,1,2,1,0,4400,0.0,127.0,360.0,0.0,0.5,0
lp001940,0,1,2,1,0,3153,1560.0,134.0,360.0,1.0,1,1
lp001945,1,0,,1,0,5417,0.0,143.0,480.0,0.0,1,0
lp001947,0,1,0,1,0,2383,3334.0,172.0,360.0,1.0,0.5,1
lp001949,0,1,3+,1,,4416,1250.0,110.0,360.0,1.0,1,1
lp001953,0,1,1,1,0,6875,0.0,200.0,360.0,1.0,0.5,1
lp001954,1,1,1,1,0,4666,0.0,135.0,360.0,1.0,1,1
lp001955,1,0,0,1,0,5000,2541.0,151.0,480.0,1.0,0,0
lp001963,0,1,1,1,0,2014,2925.0,113.0,360.0,1.0,1,0
lp001964,0,1,0,0,0,1800,2934.0,93.0,360.0,0.0,1,0
lp001972,0,1,,0,0,2875,1750.0,105.0,360.0,1.0,0.5,1
lp001974,1,0,0,1,0,5000,0.0,132.0,360.0,1.0,0,1
lp001977,0,1,1,1,0,1625,1803.0,96.0,360.0,1.0,1,1
lp001978,0,0,0,1,0,4000,2500.0,140.0,360.0,1.0,0,1
lp001990,0,0,0,0,0,2000,0.0,,360.0,1.0,1,0
lp001993,1,0,0,1,0,3762,1666.0,135.0,360.0,1.0,0,1
lp001994,1,0,0,1,0,2400,1863.0,104.0,360.0,0.0,1,0
lp001996,0,0,0,1,0,20233,0.0,480.0,360.0,1.0,0,0
lp001998,0,1,2,0,0,7667,0.0,185.0,360.0,,0,1
lp002002,1,0,0,1,0,2917,0.0,84.0,360.0,1.0,0.5,1
lp002004,0,0,0,0,0,2927,2405.0,111.0,360.0,1.0,0.5,1
lp002006,1,0,0,1,0,2507,0.0,56.0,360.0,1.0,0,1
lp002008,0,1,2,1,1,5746,0.0,144.0,84.0,,0,1
lp002024,,1,0,1,0,2473,1843.0,159.0,360.0,1.0,0,0
lp002031,0,1,1,0,0,3399,1640.0,111.0,180.0,1.0,1,1
lp002035,0,1,2,1,0,3717,0.0,120.0,360.0,1.0,0.5,1
lp002036,0,1,0,1,0,2058,2134.0,88.0,360.0,,1,1
lp002043,1,0,1,1,0,3541,0.0,112.0,360.0,,0.5,1
lp002050,0,1,1,1,1,10000,0.0,155.0,360.0,1.0,0,0
lp002051,0,1,0,1,0,2400,2167.0,115.0,360.0,1.0,0.5,1
lp002053,0,1,3+,1,0,4342,189.0,124.0,360.0,1.0,0.5,1
lp002054,0,1,2,0,0,3601,1590.0,,360.0,1.0,0,1
lp002055,1,0,0,1,0,3166,2985.0,132.0,360.0,,0,1
lp002065,0,1,3+,1,0,15000,0.0,300.0,360.0,1.0,0,1
lp002067,0,1,1,1,1,8666,4983.0,376.0,360.0,0.0,0,0
lp002068,0,0,0,1,0,4917,0.0,130.0,360.0,0.0,0,1
lp002082,0,1,0,1,1,5818,2160.0,184.0,360.0,1.0,0.5,1
lp002086,1,1,0,1,0,4333,2451.0,110.0,360.0,1.0,1,0
lp002087,1,0,0,1,0,2500,0.0,67.0,360.0,1.0,1,1
lp002097,0,0,1,1,0,4384,1793.0,117.0,360.0,1.0,1,1
lp002098,0,0,0,1,0,2935,0.0,98.0,360.0,1.0,0.5,1
lp002100,0,0,,1,0,2833,0.0,71.0,360.0,1.0,1,1
lp002101,0,1,0,1,,63337,0.0,490.0,180.0,1.0,1,1
lp002103,,1,1,1,1,9833,1833.0,182.0,180.0,1.0,1,1
lp002106,0,1,,1,1,5503,4490.0,70.0,,1.0,0.5,1
lp002110,0,1,1,1,,5250,688.0,160.0,360.0,1.0,0,1
lp002112,0,1,2,1,1,2500,4600.0,176.0,360.0,1.0,0,1
lp002113,1,0,3+,0,0,1830,0.0,,360.0,0.0,1,0
lp002114,1,0,0,1,0,4160,0.0,71.0,360.0,1.0,0.5,1
lp002115,0,1,3+,0,0,2647,1587.0,173.0,360.0,1.0,0,0
lp002116,1,0,0,1,0,2378,0.0,46.0,360.0,1.0,0,0
lp002119,0,1,1,0,0,4554,1229.0,158.0,360.0,1.0,1,1
lp002126,0,1,3+,0,0,3173,0.0,74.0,360.0,1.0,0.5,1
lp002128,0,1,2,1,,2583,2330.0,125.0,360.0,1.0,0,1
lp002129,0,1,0,1,0,2499,2458.0,160.0,360.0,1.0,0.5,1
lp002130,0,1,,0,0,3523,3230.0,152.0,360.0,0.0,0,0
lp002131,0,1,2,0,0,3083,2168.0,126.0,360.0,1.0,1,1
lp002137,0,1,0,1,0,6333,4583.0,259.0,360.0,,0.5,1
lp002138,0,1,0,1,0,2625,6250.0,187.0,360.0,1.0,0,1
lp002139,0,1,0,1,0,9083,0.0,228.0,360.0,1.0,0.5,1
lp002140,0,0,0,1,0,8750,4167.0,308.0,360.0,1.0,0,0
lp002141,0,1,3+,1,0,2666,2083.0,95.0,360.0,1.0,0,1
lp002142,1,1,0,1,1,5500,0.0,105.0,360.0,0.0,0,0
lp002143,1,1,0,1,0,2423,505.0,130.0,360.0,1.0,0.5,1
lp002144,1,0,,1,0,3813,0.0,116.0,180.0,1.0,1,1
lp002149,0,1,2,1,0,8333,3167.0,165.0,360.0,1.0,0,1
lp002151,0,1,1,1,0,3875,0.0,67.0,360.0,1.0,1,0
lp002158,0,1,0,0,0,3000,1666.0,100.0,480.0,0.0,1,0
lp002160,0,1,3+,1,0,5167,3167.0,200.0,360.0,1.0,0.5,1
lp002161,1,0,1,1,0,4723,0.0,81.0,360.0,1.0,0.5,0
lp002170,0,1,2,1,0,5000,3667.0,236.0,360.0,1.0,0.5,1
lp002175,0,1,0,1,0,4750,2333.0,130.0,360.0,1.0,1,1
lp002178,0,1,0,1,0,3013,3033.0,95.0,300.0,,1,1
lp002180,0,0,0,1,1,6822,0.0,141.0,360.0,1.0,0,1
lp002181,0,0,0,0,0,6216,0.0,133.0,360.0,1.0,0,0
lp002187,0,0,0,1,0,2500,0.0,96.0,480.0,1.0,0.5,0
lp002188,0,0,0,1,0,5124,0.0,124.0,,0.0,0,0
lp002190,0,1,1,1,0,6325,0.0,175.0,360.0,1.0,0.5,1
lp002191,0,1,0,1,0,19730,5266.0,570.0,360.0,1.0,0,0
lp002194,1,0,0,1,1,15759,0.0,55.0,360.0,1.0,0.5,1
lp002197,0,1,2,1,0,5185,0.0,155.0,360.0,1.0,0.5,1
lp002201,0,1,2,1,1,9323,7873.0,380.0,300.0,1.0,0,1
lp002205,0,0,1,1,0,3062,1987.0,111.0,180.0,0.0,1,0
lp002209,1,0,0,1,,2764,1459.0,110.0,360.0,1.0,1,1
lp002211,0,1,0,1,0,4817,923.0,120.0,180.0,1.0,1,1
lp002219,0,1,3+,1,0,8750,4996.0,130.0,360.0,1.0,0,1
lp002223,0,1,0,1,0,4310,0.0,130.0,360.0,,0.5,1
lp002224,0,0,0,1,0,3069,0.0,71.0,480.0,1.0,1,0
lp002225,0,1,2,1,0,5391,0.0,130.0,360.0,1.0,1,1
lp002226,0,1,0,1,,3333,2500.0,128.0,360.0,1.0,0.5,1
lp002229,0,0,0,1,0,5941,4232.0,296.0,360.0,1.0,0.5,1
lp002231,1,0,0,1,0,6000,0.0,156.0,360.0,1.0,1,1
lp002234,0,0,0,1,1,7167,0.0,128.0,360.0,1.0,1,1
lp002236,0,1,2,1,0,4566,0.0,100.0,360.0,1.0,1,0
lp002237,0,0,1,1,,3667,0.0,113.0,180.0,1.0,1,1
lp002239,0,0,0,0,0,2346,1600.0,132.0,360.0,1.0,0.5,1
lp002243,0,1,0,0,0,3010,3136.0,,360.0,0.0,1,0
lp002244,0,1,0,1,0,2333,2417.0,136.0,360.0,1.0,1,1
lp002250,0,1,0,1,0,5488,0.0,125.0,360.0,1.0,0,1
lp002255,0,0,3+,1,0,9167,0.0,185.0,360.0,1.0,0,1
lp002262,0,1,3+,1,0,9504,0.0,275.0,360.0,1.0,0,1
lp002263,0,1,0,1,0,2583,2115.0,120.0,360.0,,1,1
lp002265,0,1,2,0,0,1993,1625.0,113.0,180.0,1.0,0.5,1
lp002266,0,1,2,1,0,3100,1400.0,113.0,360.0,1.0,1,1
lp002272,0,1,2,1,0,3276,484.0,135.0,360.0,,0.5,1
lp002277,1,0,0,1,0,3180,0.0,71.0,360.0,0.0,1,0
lp002281,0,1,0,1,0,3033,1459.0,95.0,360.0,1.0,1,1
lp002284,0,0,0,0,0,3902,1666.0,109.0,360.0,1.0,0,1
lp002287,1,0,0,1,0,1500,1800.0,103.0,360.0,0.0,0.5,0
lp002288,0,1,2,0,0,2889,0.0,45.0,180.0,0.0,1,0
lp002296,0,0,0,0,0,2755,0.0,65.0,300.0,1.0,0,0
lp002297,0,0,0,1,0,2500,20000.0,103.0,360.0,1.0,0.5,1
lp002300,1,0,0,0,0,1963,0.0,53.0,360.0,1.0,0.5,1
lp002301,1,0,0,1,1,7441,0.0,194.0,360.0,1.0,0,0
lp002305,1,0,0,1,0,4547,0.0,115.0,360.0,1.0,0.5,1
lp002308,0,1,0,0,0,2167,2400.0,115.0,360.0,1.0,1,1
lp002314,1,0,0,0,0,2213,0.0,66.0,360.0,1.0,0,1
lp002315,0,1,1,1,0,8300,0.0,152.0,300.0,0.0,0.5,0
lp002317,0,1,3+,1,0,81000,0.0,360.0,360.0,0.0,0,0
lp002318,1,0,1,0,1,3867,0.0,62.0,360.0,1.0,0.5,0
lp002319,0,1,0,1,,6256,0.0,160.0,360.0,,1,1
lp002328,0,1,0,0,0,6096,0.0,218.0,360.0,0.0,0,0
lp002332,0,1,0,0,0,2253,2033.0,110.0,360.0,1.0,0,1
lp002335,1,1,0,0,0,2149,3237.0,178.0,360.0,0.0,0.5,0
lp002337,1,0,0,1,0,2995,0.0,60.0,360.0,1.0,1,1
lp002341,1,0,1,1,0,2600,0.0,160.0,360.0,1.0,1,0
lp002342,0,1,2,1,1,1600,20000.0,239.0,360.0,1.0,1,0
lp002345,0,1,0,1,0,1025,2773.0,112.0,360.0,1.0,0,1
lp002347,0,1,0,1,0,3246,1417.0,138.0,360.0,1.0,0.5,1
lp002348,0,1,0,1,0,5829,0.0,138.0,360.0,1.0,0,1
lp002357,1,0,0,0,0,2720,0.0,80.0,,0.0,1,0
lp002361,0,1,0,1,0,1820,1719.0,100.0,360.0,1.0,1,1
lp002362,0,1,1,1,0,7250,1667.0,110.0,,0.0,1,0
lp002364,0,1,0,1,0,14880,0.0,96.0,360.0,1.0,0.5,1
lp002366,0,1,0,1,0,2666,4300.0,121.0,360.0,1.0,0,1
lp002367,1,0,1,0,0,4606,0.0,81.0,360.0,1.0,0,0
lp002368,0,1,2,1,0,5935,0.0,133.0,360.0,1.0,0.5,1
lp002369,0,1,0,1,0,2920,16.12000084,87.0,360.0,1.0,0,1
lp002370,0,0,0,0,0,2717,0.0,60.0,180.0,1.0,1,1
lp002377,1,0,1,1,1,8624,0.0,150.0,360.0,1.0,0.5,1
lp002379,0,0,0,1,0,6500,0.0,105.0,360.0,0.0,0,0
lp002386,0,0,0,1,,12876,0.0,405.0,360.0,1.0,0.5,1
lp002387,0,1,0,1,0,2425,2340.0,143.0,360.0,1.0,0.5,1
lp002390,0,0,0,1,0,3750,0.0,100.0,360.0,1.0,1,1
lp002393,1,,,1,0,10047,0.0,,240.0,1.0,0.5,1
lp002398,0,0,0,1,0,1926,1851.0,50.0,360.0,1.0,0.5,1
lp002401,0,1,0,1,0,2213,1125.0,,360.0,1.0,1,1
lp002403,0,0,0,1,1,10416,0.0,187.0,360.0,0.0,1,0
lp002407,1,1,0,0,1,7142,0.0,138.0,360.0,1.0,0,1
lp002408,0,0,0,1,0,3660,5064.0,187.0,360.0,1.0,0.5,1
lp002409,0,1,0,1,0,7901,1833.0,180.0,360.0,1.0,0,1
lp002418,0,0,3+,0,0,4707,1993.0,148.0,360.0,1.0,0.5,1
lp002422,0,0,1,1,0,37719,0.0,152.0,360.0,1.0,0.5,1
lp002424,0,1,0,1,0,7333,8333.0,175.0,300.0,,0,1
lp002429,0,1,1,1,1,3466,1210.0,130.0,360.0,1.0,0,1
lp002434,0,1,2,0,0,4652,0.0,110.0,360.0,1.0,0,1
lp002435,0,1,0,1,,3539,1376.0,55.0,360.0,1.0,0,0
lp002443,0,1,2,1,0,3340,1710.0,150.0,360.0,0.0,0,0
lp002444,0,0,1,0,1,2769,1542.0,190.0,360.0,,0.5,0
lp002446,0,1,2,0,0,2309,1255.0,125.0,360.0,0.0,0,0
lp002447,0,1,2,0,0,1958,1456.0,60.0,300.0,,1,1
lp002448,0,1,0,1,0,3948,1733.0,149.0,360.0,0.0,0,0
lp002449,0,1,0,1,0,2483,2466.0,90.0,180.0,0.0,0,1
lp002453,0,0,0,1,1,7085,0.0,84.0,360.0,1.0,0.5,1
lp002455,0,1,2,1,0,3859,0.0,96.0,360.0,1.0,0.5,1
lp002459,0,1,0,1,0,4301,0.0,118.0,360.0,1.0,1,1
lp002467,0,1,0,1,0,3708,2569.0,173.0,360.0,1.0,1,0
lp002472,0,0,2,1,0,4354,0.0,136.0,360.0,1.0,0,1
lp002473,0,1,0,1,0,8334,0.0,160.0,360.0,1.0,0.5,0
lp002478,,1,0,1,1,2083,4083.0,160.0,360.0,,0.5,1
lp002484,0,1,3+,1,0,7740,0.0,128.0,180.0,1.0,1,1
lp002487,0,1,0,1,0,3015,2188.0,153.0,360.0,1.0,0,1
lp002489,1,0,1,0,,5191,0.0,132.0,360.0,1.0,0.5,1
lp002493,0,0,0,1,0,4166,0.0,98.0,360.0,0.0,0.5,0
lp002494,0,0,0,1,0,6000,0.0,140.0,360.0,1.0,0,1
lp002500,0,1,3+,0,0,2947,1664.0,70.0,180.0,0.0,1,0
lp002501,,1,0,1,0,16692,0.0,110.0,360.0,1.0,0.5,1
lp002502,1,1,2,0,,210,2917.0,98.0,360.0,1.0,0.5,1
lp002505,0,1,0,1,0,4333,2451.0,110.0,360.0,1.0,1,0
lp002515,0,1,1,1,1,3450,2079.0,162.0,360.0,1.0,0.5,1
lp002517,0,1,1,0,0,2653,1500.0,113.0,180.0,0.0,0,0
lp002519,0,1,3+,1,0,4691,0.0,100.0,360.0,1.0,0.5,1
lp002522,1,0,0,1,1,2500,0.0,93.0,360.0,,1,1
lp002524,0,0,2,1,0,5532,4648.0,162.0,360.0,1.0,0,1
lp002527,0,1,2,1,1,16525,1014.0,150.0,360.0,1.0,0,1
lp002529,0,1,2,1,0,6700,1750.0,230.0,300.0,1.0,0.5,1
lp002530,,1,2,1,0,2873,1872.0,132.0,360.0,0.0,0.5,0
lp002531,0,1,1,1,1,16667,2250.0,86.0,360.0,1.0,0.5,1
lp002533,0,1,2,1,0,2947,1603.0,,360.0,1.0,1,0
lp002534,1,0,0,0,0,4350,0.0,154.0,360.0,1.0,0,1
lp002536,0,1,3+,0,0,3095,0.0,113.0,360.0,1.0,0,1
lp002537,0,1,0,1,0,2083,3150.0,128.0,360.0,1.0,0.5,1
lp002541,0,1,0,1,0,10833,0.0,234.0,360.0,1.0,0.5,1
lp002543,0,1,2,1,0,8333,0.0,246.0,360.0,1.0,0.5,1
lp002544,0,1,1,0,0,1958,2436.0,131.0,360.0,1.0,0,1
lp002545,0,0,2,1,0,3547,0.0,80.0,360.0,0.0,0,0
lp002547,0,1,1,1,0,18333,0.0,500.0,360.0,1.0,1,0
lp002555,0,1,2,1,1,4583,2083.0,160.0,360.0,1.0,0.5,1
lp002556,0,0,0,1,0,2435,0.0,75.0,360.0,1.0,1,0
lp002560,0,0,0,0,0,2699,2785.0,96.0,360.0,,0.5,1
lp002562,0,1,1,0,0,5333,1131.0,186.0,360.0,,1,1
lp002571,0,0,0,0,0,3691,0.0,110.0,360.0,1.0,0,1
lp002582,1,0,0,0,1,17263,0.0,225.0,360.0,1.0,0.5,1
lp002585,0,1,0,1,0,3597,2157.0,119.0,360.0,0.0,0,0
lp002586,1,1,1,1,0,3326,913.0,105.0,84.0,1.0,0.5,1
lp002587,0,1,0,0,0,2600,1700.0,107.0,360.0,1.0,0,1
lp002588,0,1,0,1,0,4625,2857.0,111.0,12.0,,1,1
lp002600,0,1,1,1,1,2895,0.0,95.0,360.0,1.0,0.5,1
lp002602,0,0,0,1,0,6283,4416.0,209.0,360.0,0.0,0,0
lp002603,1,0,0,1,0,645,3683.0,113.0,480.0,1.0,0,1
lp002606,1,0,0,1,0,3159,0.0,100.0,360.0,1.0,0.5,1
lp002615,0,1,2,1,0,4865,5624.0,208.0,360.0,1.0,0.5,1
lp002618,0,1,1,0,0,4050,5302.0,138.0,360.0,,0,0
lp002619,0,1,0,0,0,3814,1483.0,124.0,300.0,1.0,0.5,1
lp002622,0,1,2,1,0,3510,4416.0,243.0,360.0,1.0,0,1
lp002624,0,1,0,1,0,20833,6667.0,480.0,360.0,,1,1
lp002625,,0,0,1,0,3583,0.0,96.0,360.0,1.0,1,0
lp002626,0,1,0,1,1,2479,3013.0,188.0,360.0,1.0,1,1
lp002634,1,0,1,1,0,13262,0.0,40.0,360.0,1.0,1,1
lp002637,0,0,0,0,0,3598,1287.0,100.0,360.0,1.0,0,0
lp002640,0,1,1,1,0,6065,2004.0,250.0,360.0,1.0,0.5,1
lp002643,0,1,2,1,0,3283,2035.0,148.0,360.0,1.0,1,1
lp002648,0,1,0,1,0,2130,6666.0,70.0,180.0,1.0,0.5,0
lp002652,0,0,0,1,0,5815,3666.0,311.0,360.0,1.0,0,0
lp002659,0,1,3+,1,0,3466,3428.0,150.0,360.0,1.0,0,1
lp002670,1,1,2,1,0,2031,1632.0,113.0,480.0,1.0,0.5,1
lp002682,0,1,,0,0,3074,1800.0,123.0,360.0,0.0,0.5,0
lp002683,0,0,0,1,0,4683,1915.0,185.0,360.0,1.0,0.5,0
lp002684,1,0,0,0,0,3400,0.0,95.0,360.0,1.0,0,0
lp002689,0,1,2,0,0,2192,1742.0,45.0,360.0,1.0,0.5,1
lp002690,0,0,0,1,0,2500,0.0,55.0,360.0,1.0,0.5,1
lp002692,0,1,3+,1,1,5677,1424.0,100.0,360.0,1.0,0,1
lp002693,0,1,2,1,1,7948,7166.0,480.0,360.0,1.0,0,1
lp002697,0,0,0,1,0,4680,2087.0,,360.0,1.0,0.5,0
lp002699,0,1,2,1,1,17500,0.0,400.0,360.0,1.0,0,1
lp002705,0,1,0,1,0,3775,0.0,110.0,360.0,1.0,0.5,1
lp002706,0,1,1,0,0,5285,1430.0,161.0,360.0,0.0,0.5,1
lp002714,0,0,1,0,0,2679,1302.0,94.0,360.0,1.0,0.5,1
lp002716,0,0,0,0,0,6783,0.0,130.0,360.0,1.0,0.5,1
lp002717,0,1,0,1,0,1025,5500.0,216.0,360.0,,0,1
lp002720,0,1,3+,1,0,4281,0.0,100.0,360.0,1.0,1,1
lp002723,0,0,2,1,0,3588,0.0,110.0,360.0,0.0,0,0
lp002729,0,0,1,1,0,11250,0.0,196.0,360.0,,0.5,0
lp002731,1,0,0,0,1,18165,0.0,125.0,360.0,1.0,1,1
lp002732,0,0,0,0,,2550,2042.0,126.0,360.0,1.0,0,1
lp002734,0,1,0,1,0,6133,3906.0,324.0,360.0,1.0,1,1
lp002738,0,0,2,1,0,3617,0.0,107.0,360.0,1.0,0.5,1
lp002739,0,1,0,0,0,2917,536.0,66.0,360.0,1.0,0,0
lp002740,0,1,3+,1,0,6417,0.0,157.0,180.0,1.0,0,1
lp002741,1,1,1,1,0,4608,2845.0,140.0,180.0,1.0,0.5,1
lp002743,1,0,0,1,0,2138,0.0,99.0,360.0,0.0,0.5,0
lp002753,1,0,1,1,,3652,0.0,95.0,360.0,1.0,0.5,1
lp002755,0,1,1,0,0,2239,2524.0,128.0,360.0,1.0,1,1
lp002757,1,1,0,0,0,3017,663.0,102.0,360.0,,0.5,1
lp002767,0,1,0,1,0,2768,1950.0,155.0,360.0,1.0,0,1
lp002768,0,0,0,0,0,3358,0.0,80.0,36.0,1.0,0.5,0
lp002772,0,0,0,1,0,2526,1783.0,145.0,360.0,1.0,0,1
lp002776,1,0,0,1,0,5000,0.0,103.0,360.0,0.0,0.5,0
lp002777,0,1,0,1,0,2785,2016.0,110.0,360.0,1.0,0,1
lp002778,0,1,2,1,1,6633,0.0,,360.0,0.0,0,0
lp002784,0,1,1,0,0,2492,2375.0,,360.0,1.0,0,1
lp002785,0,1,1,1,0,3333,3250.0,158.0,360.0,1.0,1,1
lp002788,0,1,0,0,0,2454,2333.0,181.0,360.0,0.0,1,0
lp002789,0,1,0,1,0,3593,4266.0,132.0,180.0,0.0,0,0
lp002792,0,1,1,1,0,5468,1032.0,26.0,360.0,1.0,0.5,1
lp002794,1,0,0,1,0,2667,1625.0,84.0,360.0,,1,1
lp002795,0,1,3+,1,1,10139,0.0,260.0,360.0,1.0,0.5,1
lp002798,0,1,0,1,0,3887,2669.0,162.0,360.0,1.0,0.5,1
lp002804,1,1,0,1,0,4180,2306.0,182.0,360.0,1.0,0.5,1
lp002807,0,1,2,0,0,3675,242.0,108.0,360.0,1.0,0.5,1
lp002813,1,1,1,1,1,19484,0.0,600.0,360.0,1.0,0.5,1
lp002820,0,1,0,1,0,5923,2054.0,211.0,360.0,1.0,0,1
lp002821,0,0,0,0,1,5800,0.0,132.0,360.0,1.0,0.5,1
lp002832,0,1,2,1,0,8799,0.0,258.0,360.0,0.0,1,0
lp002833,0,1,0,0,0,4467,0.0,120.0,360.0,,0,1
lp002836,0,0,0,1,0,3333,0.0,70.0,360.0,1.0,1,1
lp002837,0,1,3+,1,0,3400,2500.0,123.0,360.0,0.0,0,0
lp002840,1,0,0,1,0,2378,0.0,9.0,360.0,1.0,1,0
lp002841,0,1,0,1,0,3166,2064.0,104.0,360.0,0.0,1,0
lp002842,0,1,1,1,0,3417,1750.0,186.0,360.0,1.0,1,1
lp002847,0,1,,1,0,5116,1451.0,165.0,360.0,0.0,1,0
lp002855,0,1,2,1,0,16666,0.0,275.0,360.0,1.0,1,1
lp002862,0,1,2,0,0,6125,1625.0,187.0,480.0,1.0,0.5,0
lp002863,0,1,3+,1,0,6406,0.0,150.0,360.0,1.0,0.5,0
lp002868,0,1,2,1,0,3159,461.0,108.0,84.0,1.0,1,1
lp002872,,1,0,1,0,3087,2210.0,136.0,360.0,0.0,0.5,0
lp002874,0,0,0,1,0,3229,2739.0,110.0,360.0,1.0,1,1
lp002877,0,1,1,1,0,1782,2232.0,107.0,360.0,1.0,0,1
lp002888,0,0,0,1,,3182,2917.0,161.0,360.0,1.0,1,1
lp002892,0,1,2,1,0,6540,0.0,205.0,360.0,1.0,0.5,1
lp002893,0,0,0,1,0,1836,33837.0,90.0,360.0,1.0,1,0
lp002894,1,1,0,1,0,3166,0.0,36.0,360.0,1.0,0.5,1
lp002898,0,1,1,1,0,1880,0.0,61.0,360.0,,0,0
lp002911,0,1,1,1,0,2787,1917.0,146.0,360.0,0.0,0,0
lp002912,0,1,1,1,0,4283,3000.0,172.0,84.0,1.0,0,0
lp002916,0,1,0,1,0,2297,1522.0,104.0,360.0,1.0,1,1
lp002917,1,0,0,0,0,2165,0.0,70.0,360.0,1.0,0.5,1
lp002925,,0,0,1,0,4750,0.0,94.0,360.0,1.0,0.5,1
lp002926,0,1,2,1,1,2726,0.0,106.0,360.0,0.0,0.5,0
lp002928,0,1,0,1,0,3000,3416.0,56.0,180.0,1.0,0.5,1
lp002931,0,1,2,1,1,6000,0.0,205.0,240.0,1.0,0.5,0
lp002933,,0,3+,1,1,9357,0.0,292.0,360.0,1.0,0.5,1
lp002936,0,1,0,1,0,3859,3300.0,142.0,180.0,1.0,0,1
lp002938,0,1,0,1,1,16120,0.0,260.0,360.0,1.0,1,1
lp002940,0,0,0,0,0,3833,0.0,110.0,360.0,1.0,0,1
lp002941,0,1,2,0,1,6383,1000.0,187.0,360.0,1.0,0,0
lp002943,0,0,,1,0,2987,0.0,88.0,360.0,0.0,0.5,0
lp002945,0,1,0,1,1,9963,0.0,180.0,360.0,1.0,0,1
lp002948,0,1,2,1,0,5780,0.0,192.0,360.0,1.0,1,1
lp002949,1,0,3+,1,,416,41667.0,350.0,180.0,,1,0
lp002950,0,1,0,0,,2894,2792.0,155.0,360.0,1.0,0,1
lp002953,0,1,3+,1,0,5703,0.0,128.0,360.0,1.0,1,1
lp002958,0,0,0,1,0,3676,4301.0,172.0,360.0,1.0,0,1
lp002959,1,1,1,1,0,12000,0.0,496.0,360.0,1.0,0.5,1
lp002960,0,1,0,0,0,2400,3800.0,,180.0,1.0,1,0
lp002961,0,1,1,1,0,3400,2500.0,173.0,360.0,1.0,0.5,1
lp002964,0,1,2,0,0,3987,1411.0,157.0,360.0,1.0,0,1
lp002974,0,1,0,1,0,3232,1950.0,108.0,360.0,1.0,0,1
lp002978,1,0,0,1,0,2900,0.0,71.0,360.0,1.0,0,1
lp002979,0,1,3+,1,0,4106,0.0,40.0,180.0,1.0,0,1
lp002983,0,1,1,1,0,8072,240.0,253.0,360.0,1.0,1,1
lp002984,0,1,2,1,0,7583,0.0,187.0,360.0,1.0,1,1
lp002990,1,0,0,1,1,4583,0.0,133.0,360.0,0.0,0.5,0
